Titre,Lien Amazon,Catégorie
"Philosophie de l'Assertivité : Oser Être, Dire et Agir",https://www.amazon.fr/dp/B0F21VYGJZ,Essais · Sciences humaines
La Synergologie : Lire l’humain sans le réduire,https://www.amazon.fr/dp/B0GHWBDFMR,Essais · Sciences humaines
Leadership et Management des Organisations : Vers une Autorité Éclairée,https://www.amazon.fr/dp/B0F6MZMFHS,Essais · Management
"L’Intelligence Émotionnelle : Philosophie, Pratique et Réflexion",https://www.amazon.fr/dp/B0DZTB7HW3,Essais · Psychologie
Métamorphoses du Désir : Technologie et Intimité à l’Ère Numérique,https://www.amazon.fr/dp/B0CX4GGTZH,Essais · Contemporain
Solitudes Connectées : L’Ère de l’Individualisme Numérique,https://www.amazon.fr/dp/B0CV81F5B5,Essais · Contemporain
